"_id",class,day,hour,minute,tweetden
5a0e3d9134e4b81614f09138,M,Sun,H0,M0,0
5a0e3d9134e4b81614f09139,L,Sun,H0,M30,0
5a0e3d9134e4b81614f0913a,M,Sun,H1,M0,0
5a0e3d9134e4b81614f0913b,M,Sun,H1,M30,0
5a0e3d9134e4b81614f0913c,L,Sun,H2,M0,0
5a0e3d9134e4b81614f0913d,H,Sun,H2,M30,0
5a0e3d9134e4b81614f0913e,H,Sun,H3,M0,0
5a0e3d9134e4b81614f0913f,H,Sun,H3,M30,0
5a0e3d9134e4b81614f09140,M,Sun,H4,M0,0
5a0e3d9134e4b81614f09141,H,Sun,H4,M30,0
5a0e3d9134e4b81614f09142,M,Sun,H5,M0,0
5a0e3d9134e4b81614f09143,M,Sun,H5,M30,0
5a0e3d9134e4b81614f09144,M,Sun,H6,M0,0
5a0e3d9134e4b81614f09145,H,Sun,H6,M30,0
5a0e3d9134e4b81614f09146,H,Sun,H7,M0,0
5a0e3d9134e4b81614f09147,M,Sun,H7,M30,0
5a0e3d9134e4b81614f09148,M,Sun,H8,M0,0
5a0e3d9134e4b81614f09149,M,Sun,H8,M30,0
5a0e3d9134e4b81614f0914a,M,Sun,H9,M0,0
5a0e3d9134e4b81614f0914b,M,Sun,H9,M30,0
5a0e3d9134e4b81614f0914c,M,Sun,H10,M0,0
5a0e3d9134e4b81614f0914d,L,Sun,H10,M30,0
5a0e3d9134e4b81614f0914e,M,Sun,H11,M0,0
5a0e3d9134e4b81614f0914f,L,Sun,H11,M30,0
5a0e3d9134e4b81614f09150,M,Sun,H12,M0,0
5a0e3d9134e4b81614f09151,M,Sun,H12,M30,0
5a0e3d9134e4b81614f09152,L,Sun,H13,M0,0
5a0e3d9134e4b81614f09153,M,Sun,H13,M30,0
5a0e3d9134e4b81614f09154,M,Sun,H14,M0,0
5a0e3d9134e4b81614f09155,H,Sun,H14,M30,0
5a0e3d9134e4b81614f09156,M,Sun,H15,M0,0
5a0e3d9134e4b81614f09157,M,Sun,H15,M30,0
5a0e3d9134e4b81614f09158,L,Sun,H16,M0,0
5a0e3d9134e4b81614f09159,H,Sun,H16,M30,0
5a0e3d9134e4b81614f0915a,L,Sun,H17,M0,0
5a0e3d9134e4b81614f0915b,L,Sun,H17,M30,0
5a0e3d9134e4b81614f0915c,L,Sun,H18,M0,0
5a0e3d9134e4b81614f0915d,L,Sun,H18,M30,0
5a0e3d9134e4b81614f0915e,M,Sun,H19,M0,0
5a0e3d9134e4b81614f0915f,L,Sun,H19,M30,0
5a0e3d9134e4b81614f09160,L,Sun,H20,M0,0
5a0e3d9134e4b81614f09161,M,Sun,H20,M30,0
5a0e3d9134e4b81614f09162,M,Sun,H21,M0,0
5a0e3d9134e4b81614f09163,M,Sun,H21,M30,0
5a0e3d9134e4b81614f09164,M,Sun,H22,M0,0
5a0e3d9134e4b81614f09165,H,Sun,H22,M30,0
5a0e3d9134e4b81614f09166,M,Sun,H23,M0,0
5a0e3d9134e4b81614f09167,L,Sun,H23,M30,0
5a0e3d9134e4b81614f09168,H,Mon,H0,M0,0
5a0e3d9134e4b81614f09169,M,Mon,H0,M30,0
5a0e3d9134e4b81614f0916a,H,Mon,H1,M0,0
5a0e3d9134e4b81614f0916b,L,Mon,H1,M30,0
5a0e3d9134e4b81614f0916c,L,Mon,H2,M0,0
5a0e3d9134e4b81614f0916d,M,Mon,H2,M30,0
5a0e3d9134e4b81614f0916e,M,Mon,H3,M0,0
5a0e3d9134e4b81614f0916f,L,Mon,H3,M30,0
5a0e3d9134e4b81614f09170,M,Mon,H4,M0,0
5a0e3d9134e4b81614f09171,M,Mon,H4,M30,0
5a0e3d9134e4b81614f09172,L,Mon,H5,M0,0
5a0e3d9134e4b81614f09173,M,Mon,H5,M30,0
5a0e3d9134e4b81614f09174,M,Mon,H6,M0,0
5a0e3d9134e4b81614f09175,M,Mon,H6,M30,0
5a0e3d9134e4b81614f09176,H,Mon,H7,M0,0
5a0e3d9134e4b81614f09177,L,Mon,H7,M30,0
5a0e3d9134e4b81614f09178,H,Mon,H8,M0,0
5a0e3d9134e4b81614f09179,M,Mon,H8,M30,0
5a0e3d9134e4b81614f0917a,L,Mon,H9,M0,0
5a0e3d9134e4b81614f0917b,L,Mon,H9,M30,0
5a0e3d9134e4b81614f0917c,L,Mon,H10,M0,0
5a0e3d9134e4b81614f0917d,H,Mon,H10,M30,0
5a0e3d9134e4b81614f0917e,M,Mon,H11,M0,0
5a0e3d9134e4b81614f0917f,L,Mon,H11,M30,0
5a0e3d9134e4b81614f09180,L,Mon,H12,M0,0
5a0e3d9134e4b81614f09181,H,Mon,H12,M30,0
5a0e3d9134e4b81614f09182,H,Mon,H13,M0,0
5a0e3d9134e4b81614f09183,M,Mon,H13,M30,0
5a0e3d9134e4b81614f09184,M,Mon,H14,M0,0
5a0e3d9134e4b81614f09185,H,Mon,H14,M30,0
5a0e3d9134e4b81614f09186,M,Mon,H15,M0,0
5a0e3d9134e4b81614f09187,M,Mon,H15,M30,0
5a0e3d9134e4b81614f09188,M,Mon,H16,M0,0
5a0e3d9134e4b81614f09189,L,Mon,H16,M30,0
5a0e3d9134e4b81614f0918a,L,Mon,H17,M0,0
5a0e3d9134e4b81614f0918b,L,Mon,H17,M30,0
5a0e3d9134e4b81614f0918c,M,Mon,H18,M0,0
5a0e3d9134e4b81614f0918d,H,Mon,H18,M30,0
5a0e3d9134e4b81614f0918e,M,Mon,H19,M0,0
5a0e3d9134e4b81614f0918f,M,Mon,H19,M30,0
5a0e3d9134e4b81614f09190,M,Mon,H20,M0,0
5a0e3d9134e4b81614f09191,M,Mon,H20,M30,0
5a0e3d9134e4b81614f09192,L,Mon,H21,M0,0
5a0e3d9134e4b81614f09193,M,Mon,H21,M30,0
5a0e3d9134e4b81614f09194,H,Mon,H22,M0,0
5a0e3d9134e4b81614f09195,L,Mon,H22,M30,0
5a0e3d9134e4b81614f09196,M,Mon,H23,M0,0
5a0e3d9134e4b81614f09197,M,Mon,H23,M30,0
5a0e3d9134e4b81614f09198,M,Tue,H0,M0,0
5a0e3d9134e4b81614f09199,M,Tue,H0,M30,0
5a0e3d9134e4b81614f0919a,M,Tue,H1,M0,0
5a0e3d9134e4b81614f0919b,L,Tue,H1,M30,0
5a0e3d9134e4b81614f0919c,H,Tue,H2,M0,0
5a0e3d9134e4b81614f0919d,H,Tue,H2,M30,0
5a0e3d9134e4b81614f0919e,L,Tue,H3,M0,0
5a0e3d9134e4b81614f0919f,L,Tue,H3,M30,0
5a0e3d9134e4b81614f091a0,M,Tue,H4,M0,0
5a0e3d9134e4b81614f091a1,M,Tue,H4,M30,0
5a0e3d9134e4b81614f091a2,L,Tue,H5,M0,0
5a0e3d9134e4b81614f091a3,M,Tue,H5,M30,0
5a0e3d9134e4b81614f091a4,H,Tue,H6,M0,0
5a0e3d9134e4b81614f091a5,H,Tue,H6,M30,0
5a0e3d9134e4b81614f091a6,M,Tue,H7,M0,0
5a0e3d9134e4b81614f091a7,H,Tue,H7,M30,0
5a0e3d9134e4b81614f091a8,L,Tue,H8,M0,0
5a0e3d9134e4b81614f091a9,M,Tue,H8,M30,0
5a0e3d9134e4b81614f091aa,M,Tue,H9,M0,0
5a0e3d9134e4b81614f091ab,M,Tue,H9,M30,0
5a0e3d9134e4b81614f091ac,L,Tue,H10,M0,0
5a0e3d9134e4b81614f091ad,H,Tue,H10,M30,0
5a0e3d9134e4b81614f091ae,L,Tue,H11,M0,0
5a0e3d9134e4b81614f091af,L,Tue,H11,M30,0
5a0e3d9134e4b81614f091b0,M,Tue,H12,M0,0
5a0e3d9134e4b81614f091b1,H,Tue,H12,M30,0
5a0e3d9134e4b81614f091b2,H,Tue,H13,M0,0
5a0e3d9134e4b81614f091b3,M,Tue,H13,M30,0
5a0e3d9134e4b81614f091b4,M,Tue,H14,M0,0
5a0e3d9134e4b81614f091b5,M,Tue,H14,M30,0
5a0e3d9134e4b81614f091b6,M,Tue,H15,M0,0
5a0e3d9134e4b81614f091b7,H,Tue,H15,M30,0
5a0e3d9134e4b81614f091b8,H,Tue,H16,M0,0
5a0e3d9134e4b81614f091b9,L,Tue,H16,M30,0
5a0e3d9134e4b81614f091ba,M,Tue,H17,M0,0
5a0e3d9134e4b81614f091bb,L,Tue,H17,M30,0
5a0e3d9134e4b81614f091bc,M,Tue,H18,M0,0
5a0e3d9134e4b81614f091bd,L,Tue,H18,M30,0
5a0e3d9134e4b81614f091be,M,Tue,H19,M0,0
5a0e3d9134e4b81614f091bf,L,Tue,H19,M30,0
5a0e3d9134e4b81614f091c0,M,Tue,H20,M0,0
5a0e3d9134e4b81614f091c1,M,Tue,H20,M30,0
5a0e3d9134e4b81614f091c2,M,Tue,H21,M0,0
5a0e3d9134e4b81614f091c3,M,Tue,H21,M30,0
5a0e3d9134e4b81614f091c4,M,Tue,H22,M0,0
5a0e3d9134e4b81614f091c5,H,Tue,H22,M30,0
5a0e3d9134e4b81614f091c6,M,Tue,H23,M0,0
5a0e3d9134e4b81614f091c7,M,Tue,H23,M30,0
5a0e3d9134e4b81614f091c8,H,Wed,H0,M0,0
5a0e3d9134e4b81614f091c9,M,Wed,H0,M30,0
5a0e3d9134e4b81614f091ca,M,Wed,H1,M0,0
5a0e3d9134e4b81614f091cb,L,Wed,H1,M30,0
5a0e3d9134e4b81614f091cc,H,Wed,H2,M0,0
5a0e3d9134e4b81614f091cd,L,Wed,H2,M30,0
5a0e3d9134e4b81614f091ce,H,Wed,H3,M0,0
5a0e3d9134e4b81614f091cf,L,Wed,H3,M30,0
5a0e3d9134e4b81614f091d0,H,Wed,H4,M0,0
5a0e3d9134e4b81614f091d1,M,Wed,H4,M30,0
5a0e3d9134e4b81614f091d2,M,Wed,H5,M0,0
5a0e3d9134e4b81614f091d3,L,Wed,H5,M30,0
5a0e3d9134e4b81614f091d4,L,Wed,H6,M0,0
5a0e3d9134e4b81614f091d5,H,Wed,H6,M30,0
5a0e3d9134e4b81614f091d6,M,Wed,H7,M0,0
5a0e3d9134e4b81614f091d7,L,Wed,H7,M30,0
5a0e3d9134e4b81614f091d8,M,Wed,H8,M0,0
5a0e3d9134e4b81614f091d9,M,Wed,H8,M30,0
5a0e3d9134e4b81614f091da,L,Wed,H9,M0,0
5a0e3d9134e4b81614f091db,M,Wed,H9,M30,0
5a0e3d9134e4b81614f091dc,L,Wed,H10,M0,0
5a0e3d9134e4b81614f091dd,L,Wed,H10,M30,0
5a0e3d9134e4b81614f091de,M,Wed,H11,M0,0
5a0e3d9134e4b81614f091df,M,Wed,H11,M30,0
5a0e3d9134e4b81614f091e0,H,Wed,H12,M0,0
5a0e3d9134e4b81614f091e1,H,Wed,H12,M30,0
5a0e3d9134e4b81614f091e2,L,Wed,H13,M0,0
5a0e3d9134e4b81614f091e3,H,Wed,H13,M30,0
5a0e3d9134e4b81614f091e4,L,Wed,H14,M0,0
5a0e3d9134e4b81614f091e5,M,Wed,H14,M30,0
5a0e3d9134e4b81614f091e6,M,Wed,H15,M0,0
5a0e3d9134e4b81614f091e7,M,Wed,H15,M30,0
5a0e3d9134e4b81614f091e8,L,Wed,H16,M0,0
5a0e3d9134e4b81614f091e9,H,Wed,H16,M30,0
5a0e3d9134e4b81614f091ea,M,Wed,H17,M0,0
5a0e3d9134e4b81614f091eb,M,Wed,H17,M30,0
5a0e3d9134e4b81614f091ec,L,Wed,H18,M0,0
5a0e3d9134e4b81614f091ed,L,Wed,H18,M30,0
5a0e3d9134e4b81614f091ee,M,Wed,H19,M0,0
5a0e3d9134e4b81614f091ef,M,Wed,H19,M30,0
5a0e3d9134e4b81614f091f0,H,Wed,H20,M0,0
5a0e3d9134e4b81614f091f1,M,Wed,H20,M30,0
5a0e3d9134e4b81614f091f2,L,Wed,H21,M0,0
5a0e3d9134e4b81614f091f3,M,Wed,H21,M30,0
5a0e3d9134e4b81614f091f4,M,Wed,H22,M0,0
5a0e3d9134e4b81614f091f5,M,Wed,H22,M30,0
5a0e3d9134e4b81614f091f6,M,Wed,H23,M0,0
5a0e3d9134e4b81614f091f7,M,Wed,H23,M30,0
5a0e3d9134e4b81614f091f8,H,Thu,H0,M0,0
5a0e3d9134e4b81614f091f9,L,Thu,H0,M30,0
5a0e3d9134e4b81614f091fa,M,Thu,H1,M0,0
5a0e3d9134e4b81614f091fb,H,Thu,H1,M30,0
5a0e3d9134e4b81614f091fc,M,Thu,H2,M0,0
5a0e3d9134e4b81614f091fd,H,Thu,H2,M30,0
5a0e3d9134e4b81614f091fe,L,Thu,H3,M0,0
5a0e3d9134e4b81614f091ff,M,Thu,H3,M30,0
5a0e3d9134e4b81614f09200,M,Thu,H4,M0,0
5a0e3d9134e4b81614f09201,H,Thu,H4,M30,0
5a0e3d9134e4b81614f09202,H,Thu,H5,M0,0
5a0e3d9134e4b81614f09203,M,Thu,H5,M30,16383
5a0e3d9134e4b81614f09204,H,Thu,H6,M0,0
5a0e3d9134e4b81614f09205,L,Thu,H6,M30,0
5a0e3d9134e4b81614f09206,H,Thu,H7,M0,0
5a0e3d9134e4b81614f09207,M,Thu,H7,M30,0
5a0e3d9134e4b81614f09208,M,Thu,H8,M0,0
5a0e3d9134e4b81614f09209,M,Thu,H8,M30,0
5a0e3d9134e4b81614f0920a,M,Thu,H9,M0,0
5a0e3d9134e4b81614f0920b,H,Thu,H9,M30,0
5a0e3d9134e4b81614f0920c,H,Thu,H10,M0,0
5a0e3d9134e4b81614f0920d,H,Thu,H10,M30,0
5a0e3d9134e4b81614f0920e,L,Thu,H11,M0,0
5a0e3d9134e4b81614f0920f,L,Thu,H11,M30,0
5a0e3d9134e4b81614f09210,L,Thu,H12,M0,0
5a0e3d9134e4b81614f09211,L,Thu,H12,M30,0
5a0e3d9134e4b81614f09212,M,Thu,H13,M0,0
5a0e3d9134e4b81614f09213,L,Thu,H13,M30,0
5a0e3d9134e4b81614f09214,H,Thu,H14,M0,0
5a0e3d9134e4b81614f09215,M,Thu,H14,M30,0
5a0e3d9134e4b81614f09216,L,Thu,H15,M0,0
5a0e3d9134e4b81614f09217,M,Thu,H15,M30,0
5a0e3d9134e4b81614f09218,L,Thu,H16,M0,0
5a0e3d9134e4b81614f09219,H,Thu,H16,M30,0
5a0e3d9134e4b81614f0921a,M,Thu,H17,M0,0
5a0e3d9134e4b81614f0921b,L,Thu,H17,M30,0
5a0e3d9134e4b81614f0921c,H,Thu,H18,M0,0
5a0e3d9134e4b81614f0921d,H,Thu,H18,M30,0
5a0e3d9134e4b81614f0921e,H,Thu,H19,M0,0
5a0e3d9134e4b81614f0921f,H,Thu,H19,M30,0
5a0e3d9134e4b81614f09220,M,Thu,H20,M0,0
5a0e3d9134e4b81614f09221,L,Thu,H20,M30,0
5a0e3d9134e4b81614f09222,M,Thu,H21,M0,0
5a0e3d9134e4b81614f09223,L,Thu,H21,M30,0
5a0e3d9134e4b81614f09224,M,Thu,H22,M0,0
5a0e3d9134e4b81614f09225,M,Thu,H22,M30,0
5a0e3d9134e4b81614f09226,H,Thu,H23,M0,0
5a0e3d9134e4b81614f09227,M,Thu,H23,M30,0
5a0e3d9134e4b81614f09228,M,Fri,H0,M0,0
5a0e3d9134e4b81614f09229,M,Fri,H0,M30,0
5a0e3d9134e4b81614f0922a,H,Fri,H1,M0,0
5a0e3d9134e4b81614f0922b,L,Fri,H1,M30,0
5a0e3d9134e4b81614f0922c,H,Fri,H2,M0,0
5a0e3d9134e4b81614f0922d,L,Fri,H2,M30,0
5a0e3d9134e4b81614f0922e,M,Fri,H3,M0,0
5a0e3d9134e4b81614f0922f,M,Fri,H3,M30,0
5a0e3d9134e4b81614f09230,H,Fri,H4,M0,0
5a0e3d9134e4b81614f09231,M,Fri,H4,M30,0
5a0e3d9134e4b81614f09232,M,Fri,H5,M0,0
5a0e3d9134e4b81614f09233,M,Fri,H5,M30,0
5a0e3d9134e4b81614f09234,M,Fri,H6,M0,0
5a0e3d9134e4b81614f09235,H,Fri,H6,M30,0
5a0e3d9134e4b81614f09236,H,Fri,H7,M0,0
5a0e3d9134e4b81614f09237,L,Fri,H7,M30,0
5a0e3d9134e4b81614f09238,M,Fri,H8,M0,0
5a0e3d9134e4b81614f09239,M,Fri,H8,M30,0
5a0e3d9134e4b81614f0923a,M,Fri,H9,M0,0
5a0e3d9134e4b81614f0923b,M,Fri,H9,M30,0
5a0e3d9134e4b81614f0923c,L,Fri,H10,M0,0
5a0e3d9134e4b81614f0923d,L,Fri,H10,M30,0
5a0e3d9134e4b81614f0923e,L,Fri,H11,M0,0
5a0e3d9134e4b81614f0923f,M,Fri,H11,M30,0
5a0e3d9134e4b81614f09240,M,Fri,H12,M0,0
5a0e3d9134e4b81614f09241,M,Fri,H12,M30,0
5a0e3d9134e4b81614f09242,L,Fri,H13,M0,0
5a0e3d9134e4b81614f09243,M,Fri,H13,M30,0
5a0e3d9134e4b81614f09244,M,Fri,H14,M0,0
5a0e3d9134e4b81614f09245,M,Fri,H14,M30,0
5a0e3d9134e4b81614f09246,L,Fri,H15,M0,0
5a0e3d9134e4b81614f09247,M,Fri,H15,M30,0
5a0e3d9134e4b81614f09248,L,Fri,H16,M0,0
5a0e3d9134e4b81614f09249,M,Fri,H16,M30,0
5a0e3d9134e4b81614f0924a,M,Fri,H17,M0,0
5a0e3d9134e4b81614f0924b,L,Fri,H17,M30,0
5a0e3d9134e4b81614f0924c,H,Fri,H18,M0,0
5a0e3d9134e4b81614f0924d,M,Fri,H18,M30,0
5a0e3d9134e4b81614f0924e,M,Fri,H19,M0,0
5a0e3d9134e4b81614f0924f,M,Fri,H19,M30,0
5a0e3d9134e4b81614f09250,M,Fri,H20,M0,0
5a0e3d9134e4b81614f09251,M,Fri,H20,M30,0
5a0e3d9134e4b81614f09252,H,Fri,H21,M0,0
5a0e3d9134e4b81614f09253,H,Fri,H21,M30,0
5a0e3d9134e4b81614f09254,M,Fri,H22,M0,0
5a0e3d9134e4b81614f09255,H,Fri,H22,M30,0
5a0e3d9134e4b81614f09256,L,Fri,H23,M0,0
5a0e3d9134e4b81614f09257,L,Fri,H23,M30,0
5a0e3d9134e4b81614f09258,L,Sat,H0,M0,0
5a0e3d9134e4b81614f09259,L,Sat,H0,M30,0
5a0e3d9134e4b81614f0925a,H,Sat,H1,M0,0
5a0e3d9134e4b81614f0925b,H,Sat,H1,M30,0
5a0e3d9134e4b81614f0925c,L,Sat,H2,M0,0
5a0e3d9134e4b81614f0925d,H,Sat,H2,M30,0
5a0e3d9134e4b81614f0925e,M,Sat,H3,M0,0
5a0e3d9134e4b81614f0925f,M,Sat,H3,M30,0
5a0e3d9134e4b81614f09260,L,Sat,H4,M0,0
5a0e3d9134e4b81614f09261,M,Sat,H4,M30,0
5a0e3d9134e4b81614f09262,H,Sat,H5,M0,0
5a0e3d9134e4b81614f09263,M,Sat,H5,M30,0
5a0e3d9134e4b81614f09264,L,Sat,H6,M0,0
5a0e3d9134e4b81614f09265,L,Sat,H6,M30,0
5a0e3d9134e4b81614f09266,M,Sat,H7,M0,0
5a0e3d9134e4b81614f09267,M,Sat,H7,M30,0
5a0e3d9134e4b81614f09268,M,Sat,H8,M0,0
5a0e3d9134e4b81614f09269,M,Sat,H8,M30,0
5a0e3d9134e4b81614f0926a,M,Sat,H9,M0,0
5a0e3d9134e4b81614f0926b,M,Sat,H9,M30,0
5a0e3d9134e4b81614f0926c,M,Sat,H10,M0,0
5a0e3d9134e4b81614f0926d,L,Sat,H10,M30,0
5a0e3d9134e4b81614f0926e,H,Sat,H11,M0,0
5a0e3d9134e4b81614f0926f,L,Sat,H11,M30,0
5a0e3d9134e4b81614f09270,M,Sat,H12,M0,0
5a0e3d9134e4b81614f09271,M,Sat,H12,M30,0
5a0e3d9134e4b81614f09272,H,Sat,H13,M0,0
5a0e3d9134e4b81614f09273,L,Sat,H13,M30,0
5a0e3d9134e4b81614f09274,H,Sat,H14,M0,0
5a0e3d9134e4b81614f09275,L,Sat,H14,M30,0
5a0e3d9134e4b81614f09276,M,Sat,H15,M0,0
5a0e3d9134e4b81614f09277,L,Sat,H15,M30,0
5a0e3d9134e4b81614f09278,M,Sat,H16,M0,0
5a0e3d9134e4b81614f09279,L,Sat,H16,M30,0
5a0e3d9134e4b81614f0927a,L,Sat,H17,M0,0
5a0e3d9134e4b81614f0927b,M,Sat,H17,M30,0
5a0e3d9134e4b81614f0927c,H,Sat,H18,M0,0
5a0e3d9134e4b81614f0927d,H,Sat,H18,M30,0
5a0e3d9134e4b81614f0927e,H,Sat,H19,M0,0
5a0e3d9134e4b81614f0927f,L,Sat,H19,M30,0
5a0e3d9134e4b81614f09280,H,Sat,H20,M0,0
5a0e3d9134e4b81614f09281,M,Sat,H20,M30,0
5a0e3d9134e4b81614f09282,M,Sat,H21,M0,0
5a0e3d9134e4b81614f09283,H,Sat,H21,M30,0
5a0e3d9134e4b81614f09284,L,Sat,H22,M0,0
5a0e3d9134e4b81614f09285,L,Sat,H22,M30,0
5a0e3d9134e4b81614f09286,M,Sat,H23,M0,0
5a0e3d9134e4b81614f09287,M,Sat,H23,M30,0
5a0e3e1134e4b82b54164b73,M,Sun,H0,M0,0
5a0e3e1134e4b82b54164b74,L,Sun,H0,M30,0
5a0e3e1134e4b82b54164b75,M,Sun,H1,M0,0
5a0e3e1134e4b82b54164b76,L,Sun,H1,M30,0
5a0e3e1134e4b82b54164b77,L,Sun,H2,M0,0
5a0e3e1134e4b82b54164b78,M,Sun,H2,M30,0
5a0e3e1134e4b82b54164b79,L,Sun,H3,M0,0
5a0e3e1134e4b82b54164b7a,L,Sun,H3,M30,0
5a0e3e1134e4b82b54164b7b,M,Sun,H4,M0,0
5a0e3e1134e4b82b54164b7c,M,Sun,H4,M30,0
5a0e3e1134e4b82b54164b7d,L,Sun,H5,M0,0
5a0e3e1134e4b82b54164b7e,M,Sun,H5,M30,0
5a0e3e1134e4b82b54164b7f,H,Sun,H6,M0,0
5a0e3e1134e4b82b54164b80,M,Sun,H6,M30,0
5a0e3e1134e4b82b54164b81,M,Sun,H7,M0,0
5a0e3e1134e4b82b54164b82,L,Sun,H7,M30,0
5a0e3e1134e4b82b54164b83,M,Sun,H8,M0,0
5a0e3e1134e4b82b54164b84,M,Sun,H8,M30,0
5a0e3e1134e4b82b54164b85,L,Sun,H9,M0,0
5a0e3e1134e4b82b54164b86,M,Sun,H9,M30,0
5a0e3e1134e4b82b54164b87,L,Sun,H10,M0,0
5a0e3e1134e4b82b54164b88,L,Sun,H10,M30,0
5a0e3e1134e4b82b54164b89,M,Sun,H11,M0,0
5a0e3e1134e4b82b54164b8a,H,Sun,H11,M30,0
5a0e3e1134e4b82b54164b8b,L,Sun,H12,M0,0
5a0e3e1134e4b82b54164b8c,M,Sun,H12,M30,0
5a0e3e1134e4b82b54164b8d,M,Sun,H13,M0,0
5a0e3e1134e4b82b54164b8e,L,Sun,H13,M30,0
5a0e3e1134e4b82b54164b8f,M,Sun,H14,M0,0
5a0e3e1134e4b82b54164b90,M,Sun,H14,M30,0
5a0e3e1134e4b82b54164b91,M,Sun,H15,M0,0
5a0e3e1134e4b82b54164b92,M,Sun,H15,M30,0
5a0e3e1134e4b82b54164b93,M,Sun,H16,M0,0
5a0e3e1134e4b82b54164b94,L,Sun,H16,M30,0
5a0e3e1134e4b82b54164b95,M,Sun,H17,M0,0
5a0e3e1134e4b82b54164b96,M,Sun,H17,M30,0
5a0e3e1134e4b82b54164b97,H,Sun,H18,M0,0
5a0e3e1134e4b82b54164b98,L,Sun,H18,M30,0
5a0e3e1134e4b82b54164b99,H,Sun,H19,M0,0
5a0e3e1134e4b82b54164b9a,L,Sun,H19,M30,0
5a0e3e1134e4b82b54164b9b,L,Sun,H20,M0,0
5a0e3e1134e4b82b54164b9c,L,Sun,H20,M30,0
5a0e3e1134e4b82b54164b9d,M,Sun,H21,M0,0
5a0e3e1134e4b82b54164b9e,L,Sun,H21,M30,0
5a0e3e1134e4b82b54164b9f,L,Sun,H22,M0,0
5a0e3e1134e4b82b54164ba0,M,Sun,H22,M30,0
5a0e3e1134e4b82b54164ba1,M,Sun,H23,M0,0
5a0e3e1134e4b82b54164ba2,L,Sun,H23,M30,0
5a0e3e1134e4b82b54164ba3,L,Mon,H0,M0,0
5a0e3e1134e4b82b54164ba4,M,Mon,H0,M30,0
5a0e3e1134e4b82b54164ba5,L,Mon,H1,M0,0
5a0e3e1134e4b82b54164ba6,L,Mon,H1,M30,0
5a0e3e1134e4b82b54164ba7,L,Mon,H2,M0,0
5a0e3e1134e4b82b54164ba8,M,Mon,H2,M30,0
5a0e3e1134e4b82b54164ba9,M,Mon,H3,M0,0
5a0e3e1134e4b82b54164baa,M,Mon,H3,M30,0
5a0e3e1134e4b82b54164bab,M,Mon,H4,M0,0
5a0e3e1134e4b82b54164bac,L,Mon,H4,M30,0
5a0e3e1134e4b82b54164bad,M,Mon,H5,M0,0
5a0e3e1134e4b82b54164bae,M,Mon,H5,M30,0
5a0e3e1134e4b82b54164baf,H,Mon,H6,M0,0
5a0e3e1134e4b82b54164bb0,H,Mon,H6,M30,0
5a0e3e1134e4b82b54164bb1,M,Mon,H7,M0,0
5a0e3e1134e4b82b54164bb2,M,Mon,H7,M30,0
5a0e3e1134e4b82b54164bb3,L,Mon,H8,M0,0
5a0e3e1134e4b82b54164bb4,M,Mon,H8,M30,0
5a0e3e1134e4b82b54164bb5,L,Mon,H9,M0,0
5a0e3e1134e4b82b54164bb6,H,Mon,H9,M30,0
5a0e3e1134e4b82b54164bb7,L,Mon,H10,M0,0
5a0e3e1134e4b82b54164bb8,M,Mon,H10,M30,0
5a0e3e1134e4b82b54164bb9,L,Mon,H11,M0,0
5a0e3e1134e4b82b54164bba,H,Mon,H11,M30,0
5a0e3e1134e4b82b54164bbb,L,Mon,H12,M0,0
5a0e3e1134e4b82b54164bbc,M,Mon,H12,M30,0
5a0e3e1134e4b82b54164bbd,M,Mon,H13,M0,0
5a0e3e1134e4b82b54164bbe,M,Mon,H13,M30,0
5a0e3e1134e4b82b54164bbf,H,Mon,H14,M0,0
5a0e3e1134e4b82b54164bc0,M,Mon,H14,M30,0
5a0e3e1134e4b82b54164bc1,H,Mon,H15,M0,0
5a0e3e1134e4b82b54164bc2,L,Mon,H15,M30,0
5a0e3e1134e4b82b54164bc3,M,Mon,H16,M0,0
5a0e3e1134e4b82b54164bc4,L,Mon,H16,M30,0
5a0e3e1134e4b82b54164bc5,H,Mon,H17,M0,0
5a0e3e1134e4b82b54164bc6,M,Mon,H17,M30,0
5a0e3e1134e4b82b54164bc7,H,Mon,H18,M0,0
5a0e3e1134e4b82b54164bc8,L,Mon,H18,M30,0
5a0e3e1134e4b82b54164bc9,M,Mon,H19,M0,0
5a0e3e1134e4b82b54164bca,M,Mon,H19,M30,0
5a0e3e1134e4b82b54164bcb,M,Mon,H20,M0,0
5a0e3e1134e4b82b54164bcc,M,Mon,H20,M30,0
5a0e3e1134e4b82b54164bcd,M,Mon,H21,M0,0
5a0e3e1134e4b82b54164bce,H,Mon,H21,M30,0
5a0e3e1134e4b82b54164bcf,M,Mon,H22,M0,0
5a0e3e1134e4b82b54164bd0,L,Mon,H22,M30,0
5a0e3e1134e4b82b54164bd1,H,Mon,H23,M0,0
5a0e3e1134e4b82b54164bd2,L,Mon,H23,M30,0
5a0e3e1134e4b82b54164bd3,M,Tue,H0,M0,0
5a0e3e1134e4b82b54164bd4,L,Tue,H0,M30,0
5a0e3e1134e4b82b54164bd5,H,Tue,H1,M0,0
5a0e3e1134e4b82b54164bd6,H,Tue,H1,M30,0
5a0e3e1134e4b82b54164bd7,M,Tue,H2,M0,0
5a0e3e1134e4b82b54164bd8,M,Tue,H2,M30,0
5a0e3e1134e4b82b54164bd9,L,Tue,H3,M0,0
5a0e3e1134e4b82b54164bda,M,Tue,H3,M30,0
5a0e3e1134e4b82b54164bdb,H,Tue,H4,M0,0
5a0e3e1134e4b82b54164bdc,M,Tue,H4,M30,0
5a0e3e1134e4b82b54164bdd,M,Tue,H5,M0,0
5a0e3e1134e4b82b54164bde,H,Tue,H5,M30,0
5a0e3e1134e4b82b54164bdf,H,Tue,H6,M0,0
5a0e3e1134e4b82b54164be0,L,Tue,H6,M30,0
5a0e3e1134e4b82b54164be1,H,Tue,H7,M0,0
5a0e3e1134e4b82b54164be2,L,Tue,H7,M30,0
5a0e3e1134e4b82b54164be3,M,Tue,H8,M0,0
5a0e3e1134e4b82b54164be4,L,Tue,H8,M30,0
5a0e3e1134e4b82b54164be5,M,Tue,H9,M0,0
5a0e3e1134e4b82b54164be6,M,Tue,H9,M30,0
5a0e3e1134e4b82b54164be7,M,Tue,H10,M0,0
5a0e3e1134e4b82b54164be8,M,Tue,H10,M30,0
5a0e3e1134e4b82b54164be9,L,Tue,H11,M0,0
5a0e3e1134e4b82b54164bea,M,Tue,H11,M30,0
5a0e3e1134e4b82b54164beb,H,Tue,H12,M0,0
5a0e3e1134e4b82b54164bec,H,Tue,H12,M30,0
5a0e3e1134e4b82b54164bed,M,Tue,H13,M0,0
5a0e3e1134e4b82b54164bee,M,Tue,H13,M30,0
5a0e3e1134e4b82b54164bef,L,Tue,H14,M0,0
5a0e3e1134e4b82b54164bf0,M,Tue,H14,M30,0
5a0e3e1134e4b82b54164bf1,L,Tue,H15,M0,0
5a0e3e1134e4b82b54164bf2,M,Tue,H15,M30,0
5a0e3e1134e4b82b54164bf3,M,Tue,H16,M0,0
5a0e3e1134e4b82b54164bf4,L,Tue,H16,M30,0
5a0e3e1134e4b82b54164bf5,M,Tue,H17,M0,0
5a0e3e1134e4b82b54164bf6,M,Tue,H17,M30,0
5a0e3e1134e4b82b54164bf7,L,Tue,H18,M0,0
5a0e3e1134e4b82b54164bf8,M,Tue,H18,M30,0
5a0e3e1134e4b82b54164bf9,H,Tue,H19,M0,0
5a0e3e1134e4b82b54164bfa,L,Tue,H19,M30,0
5a0e3e1134e4b82b54164bfb,L,Tue,H20,M0,0
5a0e3e1134e4b82b54164bfc,L,Tue,H20,M30,0
5a0e3e1134e4b82b54164bfd,H,Tue,H21,M0,0
5a0e3e1134e4b82b54164bfe,M,Tue,H21,M30,0
5a0e3e1134e4b82b54164bff,M,Tue,H22,M0,0
5a0e3e1134e4b82b54164c00,H,Tue,H22,M30,0
5a0e3e1134e4b82b54164c01,L,Tue,H23,M0,0
5a0e3e1134e4b82b54164c02,M,Tue,H23,M30,0
5a0e3e1134e4b82b54164c03,L,Wed,H0,M0,0
5a0e3e1134e4b82b54164c04,M,Wed,H0,M30,0
5a0e3e1134e4b82b54164c05,L,Wed,H1,M0,0
5a0e3e1134e4b82b54164c06,L,Wed,H1,M30,0
5a0e3e1134e4b82b54164c07,L,Wed,H2,M0,0
5a0e3e1134e4b82b54164c08,M,Wed,H2,M30,0
5a0e3e1134e4b82b54164c09,M,Wed,H3,M0,0
5a0e3e1134e4b82b54164c0a,M,Wed,H3,M30,0
5a0e3e1134e4b82b54164c0b,L,Wed,H4,M0,0
5a0e3e1134e4b82b54164c0c,H,Wed,H4,M30,0
5a0e3e1134e4b82b54164c0d,M,Wed,H5,M0,0
5a0e3e1134e4b82b54164c0e,H,Wed,H5,M30,0
5a0e3e1134e4b82b54164c0f,M,Wed,H6,M0,0
5a0e3e1134e4b82b54164c10,M,Wed,H6,M30,0
5a0e3e1134e4b82b54164c11,M,Wed,H7,M0,0
5a0e3e1134e4b82b54164c12,M,Wed,H7,M30,0
5a0e3e1134e4b82b54164c13,L,Wed,H8,M0,0
5a0e3e1134e4b82b54164c14,M,Wed,H8,M30,0
5a0e3e1134e4b82b54164c15,M,Wed,H9,M0,0
5a0e3e1134e4b82b54164c16,L,Wed,H9,M30,0
5a0e3e1134e4b82b54164c17,L,Wed,H10,M0,0
5a0e3e1134e4b82b54164c18,H,Wed,H10,M30,0
5a0e3e1134e4b82b54164c19,M,Wed,H11,M0,0
5a0e3e1134e4b82b54164c1a,L,Wed,H11,M30,0
5a0e3e1134e4b82b54164c1b,H,Wed,H12,M0,0
5a0e3e1134e4b82b54164c1c,M,Wed,H12,M30,0
5a0e3e1134e4b82b54164c1d,L,Wed,H13,M0,0
5a0e3e1134e4b82b54164c1e,M,Wed,H13,M30,0
5a0e3e1134e4b82b54164c1f,L,Wed,H14,M0,0
5a0e3e1134e4b82b54164c20,M,Wed,H14,M30,0
5a0e3e1134e4b82b54164c21,L,Wed,H15,M0,0
5a0e3e1134e4b82b54164c22,H,Wed,H15,M30,0
5a0e3e1134e4b82b54164c23,H,Wed,H16,M0,0
5a0e3e1134e4b82b54164c24,L,Wed,H16,M30,0
5a0e3e1134e4b82b54164c25,H,Wed,H17,M0,0
5a0e3e1134e4b82b54164c26,L,Wed,H17,M30,0
5a0e3e1134e4b82b54164c27,L,Wed,H18,M0,0
5a0e3e1134e4b82b54164c28,M,Wed,H18,M30,0
5a0e3e1134e4b82b54164c29,H,Wed,H19,M0,0
5a0e3e1134e4b82b54164c2a,H,Wed,H19,M30,0
5a0e3e1134e4b82b54164c2b,H,Wed,H20,M0,0
5a0e3e1134e4b82b54164c2c,H,Wed,H20,M30,0
5a0e3e1134e4b82b54164c2d,M,Wed,H21,M0,0
5a0e3e1134e4b82b54164c2e,M,Wed,H21,M30,0
5a0e3e1134e4b82b54164c2f,M,Wed,H22,M0,0
5a0e3e1134e4b82b54164c30,M,Wed,H22,M30,0
5a0e3e1134e4b82b54164c31,L,Wed,H23,M0,0
5a0e3e1134e4b82b54164c32,H,Wed,H23,M30,0
5a0e3e1134e4b82b54164c33,L,Thu,H0,M0,0
5a0e3e1134e4b82b54164c34,M,Thu,H0,M30,0
5a0e3e1134e4b82b54164c35,L,Thu,H1,M0,0
5a0e3e1134e4b82b54164c36,H,Thu,H1,M30,0
5a0e3e1134e4b82b54164c37,L,Thu,H2,M0,0
5a0e3e1134e4b82b54164c38,M,Thu,H2,M30,0
5a0e3e1134e4b82b54164c39,M,Thu,H3,M0,0
5a0e3e1134e4b82b54164c3a,M,Thu,H3,M30,0
5a0e3e1134e4b82b54164c3b,L,Thu,H4,M0,0
5a0e3e1134e4b82b54164c3c,L,Thu,H4,M30,0
5a0e3e1134e4b82b54164c3d,M,Thu,H5,M0,0
5a0e3e1134e4b82b54164c3e,L,Thu,H5,M30,16383
5a0e3e1134e4b82b54164c3f,M,Thu,H6,M0,0
5a0e3e1134e4b82b54164c40,H,Thu,H6,M30,0
5a0e3e1134e4b82b54164c41,L,Thu,H7,M0,0
5a0e3e1134e4b82b54164c42,H,Thu,H7,M30,0
5a0e3e1134e4b82b54164c43,L,Thu,H8,M0,0
5a0e3e1134e4b82b54164c44,L,Thu,H8,M30,0
5a0e3e1134e4b82b54164c45,M,Thu,H9,M0,0
5a0e3e1134e4b82b54164c46,M,Thu,H9,M30,0
5a0e3e1134e4b82b54164c47,M,Thu,H10,M0,0
5a0e3e1134e4b82b54164c48,L,Thu,H10,M30,0
5a0e3e1134e4b82b54164c49,M,Thu,H11,M0,0
5a0e3e1134e4b82b54164c4a,H,Thu,H11,M30,0
5a0e3e1134e4b82b54164c4b,L,Thu,H12,M0,0
5a0e3e1134e4b82b54164c4c,L,Thu,H12,M30,0
5a0e3e1134e4b82b54164c4d,H,Thu,H13,M0,0
5a0e3e1134e4b82b54164c4e,H,Thu,H13,M30,0
5a0e3e1134e4b82b54164c4f,M,Thu,H14,M0,0
5a0e3e1134e4b82b54164c50,L,Thu,H14,M30,0
5a0e3e1134e4b82b54164c51,H,Thu,H15,M0,0
5a0e3e1134e4b82b54164c52,M,Thu,H15,M30,0
5a0e3e1134e4b82b54164c53,M,Thu,H16,M0,0
5a0e3e1134e4b82b54164c54,L,Thu,H16,M30,0
5a0e3e1134e4b82b54164c55,M,Thu,H17,M0,0
5a0e3e1134e4b82b54164c56,H,Thu,H17,M30,0
5a0e3e1134e4b82b54164c57,L,Thu,H18,M0,0
5a0e3e1134e4b82b54164c58,L,Thu,H18,M30,0
5a0e3e1134e4b82b54164c59,L,Thu,H19,M0,0
5a0e3e1134e4b82b54164c5a,L,Thu,H19,M30,0
5a0e3e1134e4b82b54164c5b,M,Thu,H20,M0,0
5a0e3e1134e4b82b54164c5c,M,Thu,H20,M30,0
5a0e3e1134e4b82b54164c5d,M,Thu,H21,M0,0
5a0e3e1134e4b82b54164c5e,M,Thu,H21,M30,0
5a0e3e1134e4b82b54164c5f,H,Thu,H22,M0,0
5a0e3e1134e4b82b54164c60,L,Thu,H22,M30,0
5a0e3e1134e4b82b54164c61,H,Thu,H23,M0,0
5a0e3e1134e4b82b54164c62,M,Thu,H23,M30,0
5a0e3e1134e4b82b54164c63,L,Fri,H0,M0,0
5a0e3e1134e4b82b54164c64,M,Fri,H0,M30,0
5a0e3e1134e4b82b54164c65,H,Fri,H1,M0,0
5a0e3e1134e4b82b54164c66,L,Fri,H1,M30,0
5a0e3e1134e4b82b54164c67,L,Fri,H2,M0,0
5a0e3e1134e4b82b54164c68,L,Fri,H2,M30,0
5a0e3e1134e4b82b54164c69,L,Fri,H3,M0,0
5a0e3e1134e4b82b54164c6a,M,Fri,H3,M30,0
5a0e3e1134e4b82b54164c6b,H,Fri,H4,M0,0
5a0e3e1134e4b82b54164c6c,M,Fri,H4,M30,0
5a0e3e1134e4b82b54164c6d,L,Fri,H5,M0,0
5a0e3e1134e4b82b54164c6e,M,Fri,H5,M30,0
5a0e3e1134e4b82b54164c6f,L,Fri,H6,M0,0
5a0e3e1134e4b82b54164c70,L,Fri,H6,M30,0
5a0e3e1134e4b82b54164c71,M,Fri,H7,M0,0
5a0e3e1134e4b82b54164c72,L,Fri,H7,M30,0
5a0e3e1134e4b82b54164c73,M,Fri,H8,M0,0
5a0e3e1134e4b82b54164c74,M,Fri,H8,M30,0
5a0e3e1134e4b82b54164c75,L,Fri,H9,M0,0
5a0e3e1134e4b82b54164c76,L,Fri,H9,M30,0
5a0e3e1134e4b82b54164c77,L,Fri,H10,M0,0
5a0e3e1134e4b82b54164c78,H,Fri,H10,M30,0
5a0e3e1134e4b82b54164c79,M,Fri,H11,M0,0
5a0e3e1134e4b82b54164c7a,H,Fri,H11,M30,0
5a0e3e1134e4b82b54164c7b,M,Fri,H12,M0,0
5a0e3e1134e4b82b54164c7c,M,Fri,H12,M30,0
5a0e3e1134e4b82b54164c7d,M,Fri,H13,M0,0
5a0e3e1134e4b82b54164c7e,H,Fri,H13,M30,0
5a0e3e1134e4b82b54164c7f,M,Fri,H14,M0,0
5a0e3e1134e4b82b54164c80,L,Fri,H14,M30,0
5a0e3e1134e4b82b54164c81,M,Fri,H15,M0,0
5a0e3e1134e4b82b54164c82,M,Fri,H15,M30,0
5a0e3e1134e4b82b54164c83,M,Fri,H16,M0,0
5a0e3e1134e4b82b54164c84,H,Fri,H16,M30,0
5a0e3e1134e4b82b54164c85,M,Fri,H17,M0,0
5a0e3e1134e4b82b54164c86,L,Fri,H17,M30,0
5a0e3e1134e4b82b54164c87,L,Fri,H18,M0,0
5a0e3e1134e4b82b54164c88,M,Fri,H18,M30,0
5a0e3e1134e4b82b54164c89,H,Fri,H19,M0,0
5a0e3e1134e4b82b54164c8a,M,Fri,H19,M30,0
5a0e3e1134e4b82b54164c8b,L,Fri,H20,M0,0
5a0e3e1134e4b82b54164c8c,M,Fri,H20,M30,0
5a0e3e1134e4b82b54164c8d,M,Fri,H21,M0,0
5a0e3e1134e4b82b54164c8e,H,Fri,H21,M30,0
5a0e3e1134e4b82b54164c8f,L,Fri,H22,M0,0
5a0e3e1134e4b82b54164c90,H,Fri,H22,M30,0
5a0e3e1134e4b82b54164c91,M,Fri,H23,M0,0
5a0e3e1134e4b82b54164c92,H,Fri,H23,M30,0
5a0e3e1134e4b82b54164c93,M,Sat,H0,M0,0
5a0e3e1134e4b82b54164c94,M,Sat,H0,M30,0
5a0e3e1134e4b82b54164c95,L,Sat,H1,M0,0
5a0e3e1134e4b82b54164c96,H,Sat,H1,M30,0
5a0e3e1134e4b82b54164c97,H,Sat,H2,M0,0
5a0e3e1134e4b82b54164c98,H,Sat,H2,M30,0
5a0e3e1134e4b82b54164c99,M,Sat,H3,M0,0
5a0e3e1134e4b82b54164c9a,M,Sat,H3,M30,0
5a0e3e1134e4b82b54164c9b,M,Sat,H4,M0,0
5a0e3e1134e4b82b54164c9c,H,Sat,H4,M30,0
5a0e3e1134e4b82b54164c9d,M,Sat,H5,M0,0
5a0e3e1134e4b82b54164c9e,H,Sat,H5,M30,0
5a0e3e1134e4b82b54164c9f,L,Sat,H6,M0,0
5a0e3e1134e4b82b54164ca0,L,Sat,H6,M30,0
5a0e3e1134e4b82b54164ca1,H,Sat,H7,M0,0
5a0e3e1134e4b82b54164ca2,M,Sat,H7,M30,0
5a0e3e1134e4b82b54164ca3,H,Sat,H8,M0,0
5a0e3e1134e4b82b54164ca4,M,Sat,H8,M30,0
5a0e3e1134e4b82b54164ca5,M,Sat,H9,M0,0
5a0e3e1134e4b82b54164ca6,L,Sat,H9,M30,0
5a0e3e1134e4b82b54164ca7,M,Sat,H10,M0,0
5a0e3e1134e4b82b54164ca8,L,Sat,H10,M30,0
5a0e3e1134e4b82b54164ca9,L,Sat,H11,M0,0
5a0e3e1134e4b82b54164caa,M,Sat,H11,M30,0
5a0e3e1134e4b82b54164cab,M,Sat,H12,M0,0
5a0e3e1134e4b82b54164cac,L,Sat,H12,M30,0
5a0e3e1134e4b82b54164cad,M,Sat,H13,M0,0
5a0e3e1134e4b82b54164cae,L,Sat,H13,M30,0
5a0e3e1134e4b82b54164caf,H,Sat,H14,M0,0
5a0e3e1134e4b82b54164cb0,L,Sat,H14,M30,0
5a0e3e1134e4b82b54164cb1,L,Sat,H15,M0,0
5a0e3e1134e4b82b54164cb2,L,Sat,H15,M30,0
5a0e3e1134e4b82b54164cb3,M,Sat,H16,M0,0
5a0e3e1134e4b82b54164cb4,L,Sat,H16,M30,0
5a0e3e1134e4b82b54164cb5,H,Sat,H17,M0,0
5a0e3e1134e4b82b54164cb6,H,Sat,H17,M30,0
5a0e3e1134e4b82b54164cb7,M,Sat,H18,M0,0
5a0e3e1134e4b82b54164cb8,M,Sat,H18,M30,0
5a0e3e1134e4b82b54164cb9,L,Sat,H19,M0,0
5a0e3e1134e4b82b54164cba,H,Sat,H19,M30,0
5a0e3e1134e4b82b54164cbb,H,Sat,H20,M0,0
5a0e3e1134e4b82b54164cbc,M,Sat,H20,M30,0
5a0e3e1134e4b82b54164cbd,M,Sat,H21,M0,0
5a0e3e1134e4b82b54164cbe,M,Sat,H21,M30,0
5a0e3e1134e4b82b54164cbf,L,Sat,H22,M0,0
5a0e3e1134e4b82b54164cc0,H,Sat,H22,M30,0
5a0e3e1134e4b82b54164cc1,H,Sat,H23,M0,0
5a0e3e1134e4b82b54164cc2,M,Sat,H23,M30,0
